{"response_files/output_openai_gpt-4o-mini_PoorCharliesAlmanack_chptr_4_talk_6.txt_20240723_155340.jsonl": 1722453133.109279, "response_files/output_openai_gpt-4o-mini_PoorCharliesAlmanack_chptr_3_1.txt_20240723_155152.jsonl": 1722453133.110173, "response_files/gemini_chapter_4_3.jsonl": 1722453133.110589, "response_files/output_Claude_PoorCharliesAlmanack_chptr_2.txt_20240724_203600.jsonl": 1722453133.111201, "response_files/gemini_chapter_4_1.jsonl": 1722453133.111682, "response_files/output_Claude_PoorCharliesAlmanack_chptr_4_10.txt_20240724_203600.jsonl": 1722453133.112285, "response_files/output_openai_gpt-4o-mini_PoorCharliesAlmanack_chptr_4.txt_20240723_155141.jsonl": 1722453133.1127522, "response_files/gemini_chapter_2.jsonl": 1722453133.1131232, "response_files/output_Claude_PoorCharliesAlmanack_chptr_4_4.txt_20240724_203600.jsonl": 1722453133.11357, "response_files/output_Claude_PoorCharliesAlmanack_chptr_4_1_2.txt_20240725_111000.jsonl": 1722453133.114212, "response_files/output_Claude_PoorCharliesAlmanack_chptr_4_3.txt_20240724_203600.jsonl": 1722453133.1148129, "response_files/output_Claude_PoorCharliesAlmanack_chptr_4_4_2.txt_20240725_111000.jsonl": 1722453133.115412, "response_files/output_openai_gpt-4o-mini_PoorCharliesAlmanack_chptr_4_talk_2.txt_20240723_155351.jsonl": 1722453133.115791, "response_files/gemini_chapter_4_3_1.jsonl": 1722453133.116205, "response_files/gemini_chapter_3.jsonl": 1722453133.116562, "response_files/output_Claude_PoorCharliesAlmanack_chptr_4_1_2.jsonl_20240725_111000.jsonl": 1722453133.117215, "response_files/gemini_chapter_1.jsonl": 1722453133.117887, "response_files/gemini_chapter_4_2.jsonl": 1722453133.1183748, "response_files/output_Claude_PoorCharliesAlmanack_chptr_4_6.txt_20240724_203600.jsonl": 1722453133.1189702, "response_files/output_Claude_PoorCharliesAlmanack_chptr_4_1.txt_20240724_203600.jsonl": 1722453133.119812, "response_files/output_Claude_PoorCharliesAlmanack_chptr_4_talk_11_1.txt_20240724_202600.jsonl": 1722453133.120264, "response_files/output_Claude_PoorCharliesAlmanack_chptr_4_5_2.txt_20240725_111000.jsonl": 1722453133.120695, "response_files/output_Gemini_PoorCharliesAlmanack_chptr_4_11_1.jsonl_20240726_110000.jsonl": 1722453133.1211321, "response_files/output_Claude_PoorCharliesAlmanack_chptr_4_9.txt_20240724_203600.jsonl": 1722453133.121608, "response_files/output_Gemini_PoorCharliesAlmanack_chptr_4_11_1.txt_20240726_110000.jsonl": 1722453133.1221519, "response_files/output_openai_gpt-4o-mini_PoorCharliesAlmanack_appendix_forewords.txt_20240723_155258.jsonl": 1722453133.1225522, "response_files/output_openai_gpt-4o-mini_PoorCharliesAlmanack_chptr_4_talk_7.txt_20240723_155333.jsonl": 1722453133.122953, "response_files/output_openai_gpt-4o-mini_PoorCharliesAlmanack_chptr_4_talk_11_1.txt_20240723_184607.jsonl": 1722453133.1235, "response_files/output_Claude_PoorCharliesAlmanack_chptr_4_5_2.jsonl_20240725_111000.jsonl": 1722453133.123956, "response_files/output_Claude_PoorCharliesAlmanack_chptr_4_8.txt_20240724_203600.jsonl": 1722453133.124428, "response_files/output_openai_gpt-4o-mini_PoorCharliesAlmanack_references.txt_20240723_155314.jsonl": 1722453133.124831, "response_files/output_Claude_PoorCharliesAlmanack_chptr_4_7.txt_20240724_203600.jsonl": 1722453133.125373, "response_files/output_openai_gpt-4o-mini_PoorCharliesAlmanack_chptr_4_talk_10.txt_20240723_155249.jsonl": 1722453133.125927, "response_files/output_Claude_PoorCharliesAlmanack_chptr_4_2_2.jsonl_20240725_111000.jsonl": 1722453133.126637, "response_files/output_Claude_PoorCharliesAlmanack_chptr_1.txt_20240724_203600.jsonl": 1722453133.12718, "response_files/output_openai_gpt-4o-mini_PoorCharliesAlmanack_chptr_1.txt_20240723_155133.jsonl": 1722453133.1276538, "response_files/output_openai_gpt-4o-mini_PoorCharliesAlmanack_chptr_4_talk_9.txt_20240723_155214.jsonl": 1722453133.128155, "response_files/output_openai_gpt-4o-mini_PoorCharliesAlmanack_chptr_4_talk_8.txt_20240723_155201.jsonl": 1722453133.128671, "response_files/output_openai_gpt-4o-mini_PoorCharliesAlmanack_chptr_4_talk_5.txt_20240723_155324.jsonl": 1722453133.132538, "response_files/output_Claude_PoorCharliesAlmanack_chptr_4_2_2.txt_20240725_111000.jsonl": 1722453133.1345658, "response_files/output_Claude_PoorCharliesAlmanack_chptr_3_1.txt_20240724_203600.jsonl": 1722453133.135494, "response_files/output_Claude_PoorCharliesAlmanack_chptr_4_4_2.jsonl_20240725_111000.jsonl": 1722453133.136561, "response_files/output_Claude_PoorCharliesAlmanack_chptr_4_2.txt_20240724_203600.jsonl": 1722453133.138252, "response_files/output_Claude_PoorCharliesAlmanack_chptr_4_talk_11_2.txt_20240724_202600.jsonl": 1722453133.138564, "response_files/output_openai_gpt-4o-mini_PoorCharliesAlmanack_chptr_2.txt_20240723_155119.jsonl": 1722453133.1390772, "response_files/output_openai_gpt-4o-mini_PoorCharliesAlmanack_chptr_4_talk_4.txt_20240723_155308.jsonl": 1722453133.139561, "response_files/output_Claude_PoorCharliesAlmanack_chptr_4_5.txt_20240724_203600.jsonl": 1722453133.1401222, "response_files/output_openai_gpt-4o-mini_PoorCharliesAlmanack_chptr_4_talk_11_2.txt_20240723_184738.jsonl": 1722453133.140773}