{"cma_files/PoorCharliesAlmanack_chptr_4_talk_11_1.txt": 1721785567.7647622, "cma_files/PoorCharliesAlmanack_chptr_4_talk_11_2.txt": 1721785658.589644}